[{
  "other": "",
  "id": "1",
  "game_id": "001",
  "level": "",
  "question": "audio/a_book",
  "question_text": "a book",
  "question_type": "audio",
  "select_type": "image",
  "answer": "a",
  "select_a": "image/book_picture_1",
  "a_text": "",
  "select_b": "image/crayon_picture_1",
  "b_text": "",
  "select_c": "image/pencil_picture_1",
  "c_text": "",
  "select_d": "",
  "d_text": ""
}, {
  "other": "",
  "id": "2",
  "game_id": "001",
  "level": "",
  "question": "audio/a_crayon",
  "question_text": "a crayon",
  "question_type": "audio",
  "select_type": "image",
  "answer": "a",
  "select_a": "image/crayon_picture_1",
  "a_text": "",
  "select_b": "image/book_picture_1",
  "b_text": "",
  "select_c": "image/pencil_picture_1",
  "c_text": "",
  "select_d": "",
  "d_text": ""
}, {
  "other": "",
  "id": "3",
  "game_id": "001",
  "level": "",
  "question": "audio/a_pencil",
  "question_text": "a pencil",
  "question_type": "audio",
  "select_type": "image",
  "answer": "a",
  "select_a": "image/pencil_picture_1",
  "a_text": "",
  "select_b": "image/book_picture_1",
  "b_text": "",
  "select_c": "image/crayon_picture_1",
  "c_text": "",
  "select_d": "",
  "d_text": ""
}, {
  "other": "",
  "id": "4",
  "game_id": "001",
  "level": "",
  "question": "audio/a_chair",
  "question_text": "a chair",
  "question_type": "audio",
  "select_type": "image",
  "answer": "a",
  "select_a": "image/chair_picture_1",
  "a_text": "",
  "select_b": "image/jacket_picture_2",
  "b_text": "",
  "select_c": "image/eraser_picture_1",
  "c_text": "",
  "select_d": "",
  "d_text": ""
}, {
  "other": "",
  "id": "5",
  "game_id": "001",
  "level": "",
  "question": "audio/an_eraser",
  "question_text": "an eraser",
  "question_type": "audio",
  "select_type": "image",
  "answer": "a",
  "select_a": "image/eraser_picture_1",
  "a_text": "",
  "select_b": "image/pencil_picture_1",
  "b_text": "",
  "select_c": "image/chair_picture_1",
  "c_text": "",
  "select_d": "",
  "d_text": ""
}, {
  "other": "",
  "id": "6",
  "game_id": "001",
  "level": "",
  "question": "audio/a_jacket",
  "question_text": "a jacket",
  "question_type": "audio",
  "select_type": "image",
  "answer": "a",
  "select_a": "image/jacket_picture_2",
  "a_text": "",
  "select_b": "image/ruler_picture_1",
  "b_text": "",
  "select_c": "image/eraser_picture_1",
  "c_text": "",
  "select_d": "",
  "d_text": ""
}, {
  "other": "",
  "id": "7",
  "game_id": "001",
  "level": "",
  "question": "audio/a_ruler",
  "question_text": "a ruler",
  "question_type": "audio",
  "select_type": "image",
  "answer": "a",
  "select_a": "image/ruler_picture_1",
  "a_text": "",
  "select_b": "image/jacket_picture_2",
  "b_text": "",
  "select_c": "image/eraser_picture_1",
  "c_text": "",
  "select_d": "",
  "d_text": ""
}]